File_Name,Species,MFCC_Mean,MFCC_Std,MFCC_Min,MFCC_Max
bowhead_whale_88006008.wav,Bowhead Whale,"[-333.7257080078125, 147.1050567626953, -32.41577911376953, 29.92366600036621, 16.215898513793945, -1.9653509855270386, 21.585851669311523, -3.153891086578369, 4.87595796585083, 11.46495532989502, -3.742891311645508, 4.389581680297852, -4.1675496101379395]","[10.983692169189453, 6.061288356781006, 15.063331604003906, 9.686882019042969, 4.607469081878662, 5.128404140472412, 6.563177585601807, 5.218113422393799, 5.400369644165039, 6.4475531578063965, 7.012451171875, 4.85600471496582, 4.791477680206299]","[-356.2442626953125, 121.60368347167969, -64.75540161132812, 6.969042778015137, 1.762214183807373, -10.663570404052734, 8.41270923614502, -14.085865020751953, -6.775160312652588, 1.260850191116333, -18.451786041259766, -7.823559284210205, -15.980443954467773]","[-297.0744323730469, 160.75735473632812, -1.240343689918518, 50.253990173339844, 24.779027938842773, 8.783686637878418, 36.56864929199219, 12.85324478149414, 17.272106170654297, 32.400672912597656, 12.319114685058594, 16.059324264526367, 7.332176208496094]"
bowhead_whale_88006006.wav,Bowhead Whale,"[-389.8009033203125, 168.9527130126953, -59.461639404296875, 44.8668327331543, 6.898780822753906, -12.94433307647705, 29.43883514404297, -9.152073860168457, 9.432751655578613, 14.013496398925781, -7.569534778594971, 13.707737922668457, -1.278959035873413]","[7.9412360191345215, 6.527370929718018, 5.38086462020874, 5.122554302215576, 4.78757905960083, 4.3615899085998535, 4.206866264343262, 3.395299196243286, 4.407160758972168, 4.312551975250244, 3.757795810699463, 4.283130168914795, 4.2208428382873535]","[-422.75628662109375, 140.6312713623047, -71.1220703125, 25.434268951416016, -8.942835807800293, -24.917179107666016, 17.042457580566406, -17.87289810180664, -0.435569703578949, 3.3100788593292236, -16.753219604492188, 0.7347049713134766, -14.249460220336914]","[-363.5920104980469, 182.02328491210938, -44.29692077636719, 57.93517303466797, 20.621410369873047, -3.316066265106201, 42.9532470703125, -0.31732895970344543, 19.874000549316406, 27.17848014831543, 0.8428263664245605, 21.942115783691406, 8.632888793945312]"
bowhead_whale_88006005.wav,Bowhead Whale,"[-330.28363037109375, 161.49618530273438, -23.007558822631836, 32.113948822021484, 12.125056266784668, -7.673251152038574, 17.60640525817871, -2.327993631362915, 7.6928486824035645, 6.80026912689209, -14.141111373901367, -1.2872412204742432, -4.189795017242432]","[7.636275768280029, 7.302277565002441, 6.735227108001709, 5.957394599914551, 3.8720734119415283, 4.085616588592529, 6.572220802307129, 4.698881149291992, 5.156599998474121, 7.104641437530518, 5.182775020599365, 3.8810007572174072, 4.2971320152282715]","[-368.01873779296875, 122.9024658203125, -51.649261474609375, 12.848896026611328, 5.240962028503418, -16.00768280029297, 5.266214847564697, -9.654685974121094, -5.528554439544678, -12.924123764038086, -25.13829803466797, -10.903873443603516, -11.62785816192627]","[-304.8645324707031, 175.44027709960938, -11.40944766998291, 42.163818359375, 24.30931854248047, 4.846866607666016, 37.17906951904297, 10.659981727600098, 16.280487060546875, 17.460556030273438, -3.6265034675598145, 8.928363800048828, 13.145727157592773]"
bowhead_whale_7801800J.wav,Bowhead Whale,"[-172.555908203125, 215.00230407714844, -71.71500396728516, 59.87408447265625, -6.13615083694458, -26.982954025268555, 37.17476272583008, -9.351313591003418, 19.347572326660156, 21.54736328125, -9.864760398864746, 19.062992095947266, -3.109335422515869]","[23.927818298339844, 10.94337272644043, 20.368839263916016, 14.124225616455078, 8.69698429107666, 13.072918891906738, 9.73102855682373, 8.59918212890625, 8.072468757629395, 9.654278755187988, 9.797579765319824, 8.962800025939941, 7.297891616821289]","[-208.2951202392578, 138.19366455078125, -112.65690612792969, 22.06026268005371, -26.211708068847656, -51.26548767089844, 13.731939315795898, -23.5843448638916, -7.286680221557617, 0.014132678508758545, -32.75505828857422, -3.882019281387329, -24.36798858642578]","[-131.50013732910156, 235.6806640625, 2.9727797508239746, 88.45574951171875, 14.099723815917969, 10.367385864257812, 59.92667007446289, 20.987529754638672, 35.04016876220703, 38.66761016845703, 8.648317337036133, 38.20246505737305, 13.794410705566406]"
bowhead_whale_7801800H.wav,Bowhead Whale,"[-158.6658172607422, 203.67503356933594, -92.26592254638672, 39.67048645019531, 3.743149518966675, -4.776514530181885, 54.7793083190918, -0.8005552887916565, 6.807048320770264, 5.30274772644043, -13.109902381896973, 23.365171432495117, 7.811812877655029]","[18.73513412475586, 10.533869743347168, 16.129858016967773, 12.238595008850098, 10.734469413757324, 15.613944053649902, 9.303802490234375, 14.571101188659668, 11.189117431640625, 10.752609252929688, 14.116740226745605, 10.489758491516113, 9.510608673095703]","[-197.5498046875, 114.24740600585938, -119.06236267089844, 16.100814819335938, -20.74248695373535, -35.68971252441406, 7.787467002868652, -36.757484436035156, -16.832595825195312, -14.74567985534668, -37.18003463745117, -0.1692495346069336, -19.054759979248047]","[-117.5484390258789, 216.37631225585938, -18.599451065063477, 62.941551208496094, 34.74180221557617, 31.698028564453125, 71.52326202392578, 34.288604736328125, 32.4091682434082, 35.319271087646484, 27.304935455322266, 43.10395812988281, 22.963382720947266]"
bowhead_whale_88006036.wav,Bowhead Whale,"[-321.4145812988281, 186.4602508544922, -122.77909088134766, 44.85881805419922, 23.29457664489746, -6.69810152053833, 32.25190734863281, -14.83721923828125, 17.20362663269043, 10.742058753967285, -26.798585891723633, 8.797652244567871, -1.3081997632980347]","[33.02048873901367, 18.095205307006836, 25.965681076049805, 16.428909301757812, 15.728445053100586, 8.774395942687988, 11.138293266296387, 9.857104301452637, 9.362092971801758, 10.119965553283691, 12.962326049804688, 11.765249252319336, 6.544537544250488]","[-424.4532775878906, 119.97000122070312, -170.03402709960938, 11.77338981628418, -5.72803258895874, -27.714447021484375, 6.060214042663574, -43.999534606933594, -14.053386688232422, -18.743896484375, -55.64942169189453, -20.510173797607422, -23.458450317382812]","[-264.5191650390625, 241.09225463867188, -35.817176818847656, 79.68635559082031, 62.22308349609375, 14.266959190368652, 59.97343826293945, 3.7494003772735596, 38.548587799072266, 37.54533386230469, 0.24636006355285645, 37.23478317260742, 20.076208114624023]"
bowhead_whale_8800600R.wav,Bowhead Whale,"[-366.95526123046875, 178.38229370117188, -77.63574981689453, 38.876609802246094, 3.987720012664795, -20.916828155517578, 24.563716888427734, -8.331393241882324, 15.441591262817383, 14.616129875183105, -14.506470680236816, 9.122126579284668, -2.2927563190460205]","[23.92083168029785, 13.210128784179688, 14.414327621459961, 8.171407699584961, 8.59752368927002, 8.841200828552246, 7.932714462280273, 6.999536991119385, 10.161675453186035, 10.472270965576172, 8.11992073059082, 8.237549781799316, 9.043784141540527]","[-424.6987609863281, 147.02659606933594, -140.4714813232422, 16.840574264526367, -13.775543212890625, -46.471290588378906, -4.321475505828857, -23.066999435424805, -1.7622878551483154, -8.473942756652832, -43.26388931274414, -13.210286140441895, -20.939083099365234]","[-308.8763122558594, 217.16952514648438, -52.609012603759766, 67.93548583984375, 27.4876651763916, -4.891371726989746, 47.26075744628906, 14.933633804321289, 37.06079864501953, 48.34695816040039, 8.531620979309082, 38.62577819824219, 27.687274932861328]"
bowhead_whale_8800600T.wav,Bowhead Whale,"[-349.35870361328125, 197.27476501464844, -54.74314880371094, 49.93798065185547, 2.973707437515259, -20.452791213989258, 21.332958221435547, -24.51482582092285, -6.399404525756836, -1.5396459102630615, -22.38502311706543, 3.9690113067626953, -9.45814323425293]","[27.163888931274414, 18.96520233154297, 8.604655265808105, 8.55580997467041, 7.401895523071289, 7.1005072593688965, 5.638055801391602, 8.385947227478027, 6.169316291809082, 4.869466304779053, 5.575915336608887, 5.034792900085449, 3.946199893951416]","[-429.123046875, 119.72691345214844, -76.67768096923828, 21.412830352783203, -12.61149787902832, -39.53276824951172, 8.8032865524292, -39.800209045410156, -17.928836822509766, -14.453757286071777, -31.694854736328125, -9.864497184753418, -19.00067901611328]","[-308.49249267578125, 226.64210510253906, -27.733776092529297, 66.25479888916016, 15.164129257202148, -0.47515296936035156, 34.845916748046875, -3.328273057937622, 9.815828323364258, 15.391267776489258, -3.993856191635132, 15.219200134277344, 6.0248188972473145]"
bowhead_whale_88006034.wav,Bowhead Whale,"[-307.9837951660156, 189.211181640625, -123.06117248535156, 46.705562591552734, 17.94498062133789, -11.583670616149902, 35.33579635620117, -17.846059799194336, 9.525470733642578, 13.465180397033691, -20.7695255279541, 7.882927417755127, -2.0936689376831055]","[46.90740203857422, 21.237274169921875, 32.666805267333984, 13.796306610107422, 13.869318962097168, 13.302660942077637, 12.466409683227539, 11.574240684509277, 8.60328197479248, 9.168437957763672, 9.038263320922852, 8.055917739868164, 8.578523635864258]","[-423.1377258300781, 132.5199737548828, -168.52987670898438, 22.040525436401367, -9.799388885498047, -40.936767578125, 2.6296584606170654, -45.113887786865234, -8.688422203063965, -11.054227828979492, -45.01207733154297, -17.770904541015625, -29.61094093322754]","[-242.9720916748047, 235.22088623046875, -47.06146240234375, 82.13539123535156, 46.37779235839844, 14.126710891723633, 59.59803771972656, 4.7007880210876465, 33.10601043701172, 37.95582962036133, -3.3997273445129395, 25.270782470703125, 21.4316463470459]"
bowhead_whale_8800600U.wav,Bowhead Whale,"[-334.7696838378906, 187.3861846923828, -39.92256164550781, 41.78858947753906, 6.131253719329834, -19.62520408630371, 14.567610740661621, -16.314733505249023, -1.3849023580551147, 1.9827126264572144, -15.910679817199707, 4.219753265380859, -6.335587501525879]","[32.45524597167969, 21.409149169921875, 10.608725547790527, 7.038516521453857, 7.983425140380859, 11.545988082885742, 11.464862823486328, 11.444859504699707, 8.582050323486328, 8.341630935668945, 8.658650398254395, 6.33463716506958, 6.2692365646362305]","[-404.6544494628906, 124.69964599609375, -59.63612365722656, 23.084835052490234, -15.19833755493164, -42.32660675048828, -10.261211395263672, -39.85037612915039, -15.97025203704834, -15.562360763549805, -33.51512145996094, -9.212265014648438, -20.718029022216797]","[-285.1971130371094, 222.26522827148438, -12.42282485961914, 58.473876953125, 22.35436248779297, 1.3878509998321533, 34.9510612487793, 3.0876364707946777, 15.580461502075195, 19.37918472290039, 1.9163885116577148, 19.484750747680664, 5.996772766113281]"
bowhead_whale_8800600P.wav,Bowhead Whale,"[-297.94921875, 177.39114379882812, -93.54412078857422, 39.09721374511719, 17.80259895324707, -13.891159057617188, 13.067051887512207, -29.595014572143555, 1.426853060722351, 8.866706848144531, -17.13739585876465, 8.646073341369629, -1.9249191284179688]","[30.020736694335938, 28.87116050720215, 22.299362182617188, 13.70875072479248, 16.669940948486328, 11.955497741699219, 9.674179077148438, 10.882017135620117, 12.931673049926758, 12.189352989196777, 10.305798530578613, 10.109195709228516, 8.443380355834961]","[-398.9929504394531, 127.8858642578125, -125.51774597167969, 4.648593425750732, -22.08060073852539, -39.582130432128906, -15.229358673095703, -51.86906433105469, -23.570388793945312, -14.018766403198242, -38.96797180175781, -18.088804244995117, -21.978811264038086]","[-240.83465576171875, 226.9033203125, -33.773521423339844, 65.82867431640625, 52.200252532958984, 10.82600212097168, 36.753334045410156, -1.5994791984558105, 36.537147521972656, 40.00377655029297, 6.880094528198242, 29.34109115600586, 14.952274322509766]"
bowhead_whale_8800600L.wav,Bowhead Whale,"[-321.65423583984375, 207.5245361328125, -74.08788299560547, 36.5721321105957, -1.4020752906799316, -27.653650283813477, 17.895082473754883, -22.496171951293945, -2.824333667755127, 4.801629543304443, -14.143695831298828, 12.533503532409668, -2.737837314605713]","[41.79075622558594, 23.840612411499023, 22.053991317749023, 10.881204605102539, 9.67868423461914, 10.399674415588379, 8.831145286560059, 9.757801055908203, 7.146650791168213, 7.271444320678711, 8.583664894104004, 10.125077247619629, 6.554599761962891]","[-423.8541564941406, 127.84843444824219, -130.2620849609375, 11.751901626586914, -27.320213317871094, -50.79072570800781, -11.018133163452148, -47.917015075683594, -21.342676162719727, -14.03335189819336, -36.97024917602539, -19.98968505859375, -23.47903823852539]","[-261.22540283203125, 243.41375732421875, -36.749000549316406, 62.876922607421875, 19.121505737304688, 0.9154993295669556, 41.09848403930664, 3.5227651596069336, 13.387008666992188, 21.36542510986328, 4.658060550689697, 36.10334014892578, 15.37653636932373]"
bowhead_whale_8800600K.wav,Bowhead Whale,"[-333.1900329589844, 206.60353088378906, -119.31462860107422, 52.6849479675293, 14.762179374694824, -18.541439056396484, 25.414623260498047, -31.401004791259766, 3.4280967712402344, 10.894006729125977, -17.878826141357422, 12.213824272155762, -7.871191024780273]","[50.620460510253906, 19.335254669189453, 26.84318733215332, 11.041352272033691, 9.194955825805664, 9.51010513305664, 8.877912521362305, 12.60704231262207, 7.680497169494629, 7.071977615356445, 8.719447135925293, 6.904809951782227, 7.397619247436523]","[-426.06683349609375, 139.76617431640625, -158.35397338867188, 25.354206085205078, -11.081538200378418, -42.2979850769043, 3.5865023136138916, -51.03969955444336, -12.570501327514648, -6.856428146362305, -34.72163009643555, -4.751638412475586, -28.965591430664062]","[-255.4362335205078, 244.0504150390625, -48.74658203125, 75.59602355957031, 36.40611267089844, 2.499826192855835, 43.272647857666016, -4.6820807456970215, 20.608272552490234, 29.147701263427734, 1.0118918418884277, 25.3441162109375, 4.760824203491211]"
bowhead_whale_88006016.wav,Bowhead Whale,"[-319.11383056640625, 189.16700744628906, -94.65702819824219, 47.91837692260742, 11.08255386352539, -22.449907302856445, 25.36334228515625, -18.950626373291016, -1.9878441095352173, 2.1985507011413574, -18.214082717895508, 10.393561363220215, -4.711402416229248]","[41.36537170410156, 37.52663040161133, 24.87903594970703, 10.21756362915039, 11.10487174987793, 8.32064437866211, 6.361257076263428, 10.645147323608398, 10.45732593536377, 10.22952651977539, 5.800163269042969, 6.429093360900879, 7.045014381408691]","[-420.457275390625, 97.00227355957031, -138.52456665039062, 26.659631729125977, -9.64950942993164, -36.720245361328125, 5.221645355224609, -45.32108688354492, -24.21989631652832, -17.41034698486328, -35.01649475097656, -1.7188944816589355, -22.054420471191406]","[-257.14794921875, 242.7195281982422, -37.09104919433594, 74.06864929199219, 31.66484832763672, -3.8045854568481445, 43.73752975463867, 5.407966613769531, 17.68008041381836, 27.432741165161133, -1.5789635181427002, 27.93204116821289, 9.802396774291992]"
bowhead_whale_8800600A.wav,Bowhead Whale,"[-303.2729797363281, 186.67221069335938, -65.42848205566406, 32.34016799926758, 8.951674461364746, -15.73307991027832, 21.26172637939453, -9.496969223022461, 7.083559036254883, 10.394281387329102, -14.139097213745117, 5.170146465301514, -2.4781911373138428]","[44.667362213134766, 28.657907485961914, 16.815744400024414, 8.767653465270996, 9.809255599975586, 9.81123161315918, 9.26779842376709, 6.543571472167969, 6.269288539886475, 4.800361156463623, 6.266129493713379, 4.929449558258057, 5.807136058807373]","[-387.3157958984375, 118.36541748046875, -101.40571594238281, 13.058334350585938, -10.398482322692871, -35.63139343261719, 7.758218288421631, -22.082868576049805, -7.930135726928711, -1.9283186197280884, -25.74388885498047, -6.623547077178955, -21.06624984741211]","[-242.99928283691406, 223.53599548339844, -26.818599700927734, 52.83003234863281, 24.866191864013672, 0.6628016233444214, 48.35341262817383, 6.6182403564453125, 22.5533390045166, 22.874614715576172, 0.7256259918212891, 21.076282501220703, 9.269941329956055]"
bowhead_whale_8800600N.wav,Bowhead Whale,"[-283.66546630859375, 165.52760314941406, -39.515892028808594, 32.2176628112793, 22.007122039794922, -13.412038803100586, 9.102813720703125, -10.764870643615723, -9.947121620178223, -7.58620023727417, -24.012893676757812, -8.85919189453125, -4.5487751960754395]","[22.300704956054688, 18.68425178527832, 22.7464656829834, 5.127683162689209, 3.749724864959717, 6.4468889236450195, 7.657922267913818, 7.66716194152832, 5.749244689941406, 4.568999290466309, 6.042016983032227, 5.218716621398926, 6.282950401306152]","[-346.3337097167969, 118.93614959716797, -90.67251586914062, 19.723915100097656, 14.139543533325195, -24.61156463623047, -3.483194589614868, -23.04621124267578, -20.31287384033203, -18.909339904785156, -35.45989227294922, -18.21209144592285, -14.557618141174316]","[-262.1166076660156, 188.736083984375, 2.695026397705078, 41.397335052490234, 28.89061737060547, -2.7106430530548096, 27.267066955566406, 4.903998374938965, 4.515400409698486, 5.245230674743652, -11.1275634765625, 3.1128387451171875, 11.628911972045898]"
bowhead_whale_88006038.wav,Bowhead Whale,"[-355.81817626953125, 192.009765625, -95.8953857421875, 43.92223358154297, 10.646489143371582, -13.601840019226074, 26.69967269897461, -23.091915130615234, 5.03024959564209, 9.10004711151123, -15.281007766723633, 14.22230052947998, -3.2705039978027344]","[39.304012298583984, 19.866134643554688, 20.871187210083008, 11.80848217010498, 9.700867652893066, 5.334076404571533, 9.497940063476562, 11.48819637298584, 7.0311994552612305, 6.906736373901367, 8.43561840057373, 5.997680187225342, 5.769527912139893]","[-407.0667419433594, 135.15773010253906, -140.84033203125, 9.106391906738281, -22.231800079345703, -38.163063049316406, -0.7971672415733337, -50.738731384277344, -15.836853981018066, -12.39487075805664, -42.6793098449707, -7.102515697479248, -19.230663299560547]","[-263.68634033203125, 242.55075073242188, -47.8558464050293, 78.97750854492188, 33.36140441894531, -1.9362585544586182, 48.4059944152832, 2.8883557319641113, 20.573476791381836, 30.9044189453125, 8.270252227783203, 28.409629821777344, 12.320228576660156]"
bowhead_whale_8800600I.wav,Bowhead Whale,"[-321.30010986328125, 190.0802764892578, -100.83757019042969, 36.2419319152832, 6.420376777648926, -18.252763748168945, 21.8294620513916, -20.217594146728516, 14.451987266540527, 15.115194320678711, -16.963340759277344, 13.350135803222656, -2.080155849456787]","[36.04434585571289, 22.76384925842285, 17.505584716796875, 19.70445442199707, 17.993135452270508, 14.413460731506348, 8.836014747619629, 8.275171279907227, 8.795492172241211, 8.685422897338867, 6.463253021240234, 6.676194190979004, 6.5951337814331055]","[-419.9404602050781, 133.70358276367188, -137.20785522460938, 0.1589682251214981, -31.948518753051758, -49.950557708740234, -2.315265655517578, -42.647396087646484, -7.517179489135742, -6.778461456298828, -34.03068542480469, -5.83147668838501, -18.697132110595703]","[-248.26907348632812, 237.65545654296875, -40.0218505859375, 72.47802734375, 39.71809387207031, 13.147638320922852, 42.6663818359375, 4.871617794036865, 39.36224365234375, 38.25475311279297, -1.7710939645767212, 29.482484817504883, 17.845447540283203]"
bowhead_whale_78018003.wav,Bowhead Whale,"[-199.19537353515625, 214.67242431640625, -67.29522705078125, 42.193363189697266, 2.0573582649230957, -7.847388744354248, 39.35757064819336, -8.61038875579834, 13.436203002929688, 15.392367362976074, -6.1582770347595215, 15.36408519744873, -9.10190486907959]","[18.715620040893555, 9.229032516479492, 15.03881549835205, 9.659760475158691, 10.928059577941895, 11.007165908813477, 7.733748435974121, 13.383694648742676, 10.675524711608887, 11.176294326782227, 10.776594161987305, 10.501814842224121, 10.375879287719727]","[-229.54454040527344, 148.97586059570312, -102.92961883544922, 22.440650939941406, -19.11309051513672, -30.682903289794922, 12.72506332397461, -41.20994186401367, -17.175731658935547, -4.843732833862305, -27.085281372070312, -13.263996124267578, -37.86536407470703]","[-137.85009765625, 236.81948852539062, -41.70751190185547, 73.21296691894531, 32.33696746826172, 25.994775772094727, 58.32417297363281, 23.699384689331055, 37.209144592285156, 48.192596435546875, 22.450407028198242, 41.37540817260742, 12.941410064697266]"
bowhead_whale_8800600C.wav,Bowhead Whale,"[-311.7112731933594, 172.7002410888672, -106.72294616699219, 53.5649299621582, 29.080272674560547, -11.31346607208252, 22.306978225708008, -21.55925178527832, 4.221164226531982, 5.481161117553711, -21.103515625, 8.336782455444336, -6.927388668060303]","[40.53572082519531, 18.943016052246094, 23.968677520751953, 8.820487022399902, 11.411385536193848, 12.165860176086426, 9.933021545410156, 12.00583553314209, 10.335041046142578, 11.522971153259277, 11.600401878356934, 8.681897163391113, 7.382157802581787]","[-399.8890380859375, 130.71734619140625, -143.78289794921875, 28.85934066772461, 3.6588354110717773, -39.782875061035156, -3.9223289489746094, -45.111297607421875, -19.041820526123047, -26.521045684814453, -48.99086380004883, -17.409603118896484, -27.646827697753906]","[-235.0540008544922, 214.62477111816406, -21.171581268310547, 75.08586883544922, 50.21073913574219, 13.86520767211914, 46.79181671142578, 12.095884323120117, 24.068702697753906, 29.14488983154297, 3.785078525543213, 30.462398529052734, 13.908546447753906]"
bowhead_whale_78018002.wav,Bowhead Whale,"[-191.7324981689453, 203.83450317382812, -52.24045944213867, 36.638484954833984, 2.0885231494903564, -7.708942890167236, 34.15067672729492, -6.18078088760376, 12.325143814086914, 13.057000160217285, -7.071151256561279, 15.079341888427734, -3.0415682792663574]","[13.216078758239746, 7.801699638366699, 15.760244369506836, 10.413617134094238, 12.509607315063477, 12.65640640258789, 11.046089172363281, 12.107604026794434, 12.434459686279297, 12.02139949798584, 11.093043327331543, 10.236112594604492, 9.433806419372559]","[-222.3739013671875, 136.72105407714844, -100.97053527832031, 8.135862350463867, -26.827783584594727, -37.46351623535156, 4.791057586669922, -38.16648483276367, -24.955772399902344, -20.215810775756836, -48.12647247314453, -20.408721923828125, -29.928035736083984]","[-140.02005004882812, 226.04019165039062, 5.003283977508545, 71.38876342773438, 43.45057678222656, 27.299999237060547, 64.96234893798828, 19.083171844482422, 39.72093200683594, 47.44818878173828, 24.186561584472656, 43.57484817504883, 31.287979125976562]"
bowhead_whale_72021005.wav,Bowhead Whale,"[-236.81431579589844, 145.0493927001953, -48.77225875854492, 45.718238830566406, 5.191427707672119, -19.05187225341797, 14.631461143493652, -18.464344024658203, 0.03494337201118469, 2.205841541290283, -18.89426612854004, 0.7294194102287292, -9.357014656066895]","[38.383949279785156, 15.440567970275879, 29.715553283691406, 15.364639282226562, 9.149297714233398, 8.991783142089844, 9.906760215759277, 8.221592903137207, 9.186955451965332, 9.351794242858887, 9.625835418701172, 10.101016998291016, 8.682169914245605]","[-338.18914794921875, 98.92037963867188, -113.54689025878906, 0.11901545524597168, -26.566062927246094, -48.196266174316406, -13.478643417358398, -47.65177917480469, -28.12841033935547, -27.400060653686523, -50.122703552246094, -28.57491111755371, -38.088279724121094]","[-142.97909545898438, 228.41561889648438, 37.29336929321289, 90.24057006835938, 33.81587219238281, 19.343542098999023, 47.512611389160156, 9.083687782287598, 27.578529357910156, 31.905406951904297, 13.162732124328613, 34.689300537109375, 23.160871505737305]"
fin_whale_60009007.wav,Fin Whale,"[-735.4193115234375, 69.7771224975586, 58.53036880493164, 54.35349655151367, 49.75243377685547, 44.5616340637207, 38.963497161865234, 33.10655212402344, 27.110767364501953, 21.244348526000977, 15.650321960449219, 10.48721694946289, 5.893745422363281]","[37.48158264160156, 18.759069442749023, 7.542068958282471, 7.695476055145264, 8.289224624633789, 8.274174690246582, 7.776767730712891, 6.85123872756958, 5.804303169250488, 4.564185619354248, 3.37719988822937, 2.387852907180786, 1.7928866147994995]","[-752.7167358398438, 56.90962219238281, 25.817092895507812, 26.06426239013672, 17.682205200195312, 15.208236694335938, 11.398193359375, 9.337932586669922, 6.859749794006348, 5.226611137390137, 3.633695125579834, 2.4727282524108887, -0.1880192756652832]","[-527.8921508789062, 127.15238952636719, 83.21621704101562, 63.26532745361328, 57.135643005371094, 51.79045867919922, 45.7320556640625, 39.4111442565918, 33.328243255615234, 27.323734283447266, 21.49268341064453, 16.42523956298828, 11.795072555541992]"
fin_whale_60009005.wav,Fin Whale,"[-687.425537109375, 74.40078735351562, 56.0672607421875, 51.39644241333008, 46.535118103027344, 41.49349594116211, 36.22129821777344, 30.822620391845703, 25.401782989501953, 20.19951629638672, 15.18985652923584, 10.61110782623291, 6.523013591766357]","[51.78154373168945, 22.676111221313477, 10.623201370239258, 10.065564155578613, 10.784012794494629, 10.488540649414062, 9.78827953338623, 8.608054161071777, 7.231444358825684, 5.592240333557129, 4.097140312194824, 2.7414917945861816, 1.8711442947387695]","[-717.4906005859375, 55.02845764160156, 21.326045989990234, 21.795101165771484, 13.672657012939453, 11.494964599609375, 8.013434410095215, 6.307057857513428, 4.491476058959961, 3.522066354751587, 2.5672249794006348, 2.0070767402648926, 0.263997346162796]","[-463.6824035644531, 131.81240844726562, 82.10289001464844, 71.92739868164062, 66.55227661132812, 60.037933349609375, 52.65230941772461, 44.69227981567383, 36.468299865722656, 28.32499122619629, 22.62697982788086, 17.16720962524414, 12.434494018554688]"
fin_whale_60009006.wav,Fin Whale,"[-698.0874633789062, 71.09015655517578, 55.23686599731445, 51.070343017578125, 46.913570404052734, 42.12848663330078, 36.97780227661133, 31.683982849121094, 26.254240036010742, 20.984317779541016, 15.947593688964844, 11.284932136535645, 7.118432998657227]","[42.870853424072266, 21.946491241455078, 8.682250022888184, 9.216741561889648, 9.667837142944336, 9.506860733032227, 8.918561935424805, 7.802160263061523, 6.5988688468933105, 5.165754795074463, 3.790801525115967, 2.6182188987731934, 1.8392900228500366]","[-721.657958984375, 54.43498992919922, 23.52685546875, 24.211734771728516, 16.25218963623047, 14.195237159729004, 10.797247886657715, 9.137748718261719, 7.333338260650635, 6.3415117263793945, 5.139260768890381, 3.7453722953796387, 2.2378299236297607]","[-506.1253967285156, 125.69937896728516, 73.16384887695312, 64.21090698242188, 59.057395935058594, 52.97047424316406, 47.23252868652344, 41.0277099609375, 34.590545654296875, 28.155147552490234, 22.40851593017578, 17.448955535888672, 12.916776657104492]"
fin_whale_78014004.wav,Fin Whale,"[-568.9951782226562, 80.67568969726562, 77.33941650390625, 72.26637268066406, 65.52080535888672, 57.455902099609375, 48.44950485229492, 38.93750762939453, 29.35113525390625, 20.107162475585938, 11.580301284790039, 4.090536117553711, -2.119101047515869]","[7.864289283752441, 3.130375862121582, 2.698603391647339, 2.4459218978881836, 2.3477015495300293, 2.1210436820983887, 1.987273097038269, 1.791377305984497, 1.623051643371582, 1.5390572547912598, 1.5592106580734253, 1.6154165267944336, 1.6641883850097656]","[-574.4793090820312, 73.36233520507812, 29.88863754272461, 28.333175659179688, 21.56704330444336, 18.874927520751953, 12.992626190185547, 9.550461769104004, 7.44023323059082, 6.395556449890137, 4.622392177581787, -0.3161717653274536, -6.537466049194336]","[-366.6368408203125, 137.78671264648438, 92.80504608154297, 77.61702728271484, 70.33658599853516, 61.91999816894531, 52.596595764160156, 43.271087646484375, 33.82200622558594, 25.078968048095703, 17.305234909057617, 10.405478477478027, 4.597841262817383]"
fin_whale_78014009.wav,Fin Whale,"[-566.852294921875, 79.93423461914062, 76.59620666503906, 71.520263671875, 64.77027893066406, 56.700653076171875, 47.69298553466797, 38.18872833251953, 28.624895095825195, 19.422664642333984, 10.958842277526855, 3.5530271530151367, -2.5542385578155518]","[7.525238037109375, 3.209355592727661, 2.495274305343628, 2.306743621826172, 2.2123606204986572, 1.9791178703308105, 1.868468999862671, 1.7417891025543213, 1.6616243124008179, 1.6474658250808716, 1.6950072050094604, 1.7460581064224243, 1.7709177732467651]","[-571.7615356445312, 73.45857238769531, 34.514678955078125, 32.27570343017578, 24.965042114257812, 21.765281677246094, 15.403261184692383, 11.57087516784668, 9.187952041625977, 7.962025165557861, 6.069480895996094, -1.1654314994812012, -7.0627827644348145]","[-371.5318298339844, 142.3618927001953, 82.22911071777344, 76.80545043945312, 69.82160949707031, 61.603607177734375, 52.4710807800293, 42.97779846191406, 33.69620132446289, 24.83538818359375, 17.096092224121094, 10.267151832580566, 4.562195777893066]"
fin_whale_61048007.wav,Fin Whale,"[-592.9848022460938, 67.29351806640625, 65.01045227050781, 61.70067596435547, 57.26283645629883, 51.88763427734375, 45.79311752319336, 39.21500015258789, 32.40697479248047, 25.6158390045166, 19.075511932373047, 13.001733779907227, 7.570389747619629]","[8.276636123657227, 3.907196044921875, 2.958374500274658, 2.7896809577941895, 2.6936800479888916, 2.55271053314209, 2.3650262355804443, 2.1677067279815674, 1.9634034633636475, 1.8099470138549805, 1.73573899269104, 1.7025017738342285, 1.6977314949035645]","[-598.597900390625, 59.847084045410156, 26.454944610595703, 26.3859806060791, 20.339733123779297, 18.230270385742188, 13.37736701965332, 11.16752815246582, 9.977594375610352, 8.859634399414062, 7.197900772094727, 4.55501127243042, 1.686274528503418]","[-363.0651550292969, 126.609375, 86.0262451171875, 70.14938354492188, 65.33782958984375, 59.481319427490234, 52.80414581298828, 45.5565185546875, 38.22241973876953, 31.419532775878906, 24.801340103149414, 18.57164764404297, 13.535962104797363]"
fin_whale_6106400B.wav,Fin Whale,"[-730.1343383789062, 67.36651611328125, 55.76177215576172, 52.15260314941406, 47.792564392089844, 43.11833953857422, 37.88197326660156, 32.44495391845703, 26.878103256225586, 21.429859161376953, 16.20965003967285, 11.414067268371582, 7.156507968902588]","[43.55168914794922, 18.031753540039062, 8.601140975952148, 8.32225513458252, 9.09264850616455, 8.61771297454834, 8.060482025146484, 6.993978023529053, 5.84502649307251, 4.522144317626953, 3.3217010498046875, 2.306152582168579, 1.7183151245117188]","[-750.2315063476562, 53.77300262451172, 23.392780303955078, 23.995128631591797, 15.975037574768066, 13.865022659301758, 10.414432525634766, 8.69826889038086, 6.831989288330078, 5.771113395690918, 4.687991619110107, 3.966442108154297, 2.4625494480133057]","[-518.6024780273438, 122.41007995605469, 73.6808090209961, 60.49382019042969, 56.02904510498047, 50.62799835205078, 44.72888946533203, 38.899871826171875, 33.24483108520508, 27.97452163696289, 22.779998779296875, 17.813282012939453, 13.208778381347656]"
fin_whale_6107900B.wav,Fin Whale,"[-625.4593505859375, 56.403289794921875, 50.86275100708008, 48.09487533569336, 44.498043060302734, 40.43608093261719, 35.879695892333984, 31.04383659362793, 26.047189712524414, 21.087848663330078, 16.336376190185547, 11.935603141784668, 8.009590148925781]","[27.22270965576172, 12.640124320983887, 5.5789971351623535, 5.329305648803711, 5.958981037139893, 5.75612735748291, 5.4524641036987305, 4.828648090362549, 4.174830436706543, 3.4790709018707275, 2.8182647228240967, 2.2923245429992676, 1.9763119220733643]","[-636.3255004882812, 46.66033172607422, 22.304845809936523, 23.259071350097656, 15.558176040649414, 13.757050514221191, 10.58721923828125, 9.021923065185547, 7.309513092041016, 6.383479118347168, 4.8141679763793945, 4.146069526672363, 0.11326191574335098]","[-431.7978820800781, 114.81106567382812, 64.4619369506836, 60.9434814453125, 56.56507873535156, 51.253746032714844, 45.224952697753906, 39.19440460205078, 33.07106018066406, 27.10088348388672, 21.574607849121094, 17.228790283203125, 13.255477905273438]"
fin_whale_6107900N.wav,Fin Whale,"[-750.3278198242188, 68.08167266845703, 64.01334381103516, 60.17867660522461, 55.35679244995117, 49.62007141113281, 43.171146392822266, 36.28599548339844, 29.216453552246094, 22.23349952697754, 15.584064483642578, 9.49001407623291, 4.134817600250244]","[16.353357315063477, 8.684860229492188, 4.125946044921875, 4.407759666442871, 4.5912370681762695, 4.452530860900879, 4.1758904457092285, 3.686147451400757, 3.143601655960083, 2.5926170349121094, 2.13326096534729, 1.8434563875198364, 1.7502155303955078]","[-757.6747436523438, 59.8708610534668, 26.84966278076172, 27.046207427978516, 18.30599594116211, 15.41586685180664, 11.209674835205078, 8.812786102294922, 6.370870590209961, 4.735815525054932, 2.975698709487915, 1.6588170528411865, -0.9260929822921753]","[-555.0037841796875, 127.38348388671875, 85.25654602050781, 73.86244201660156, 68.17193603515625, 61.276161193847656, 53.459598541259766, 45.03785705566406, 36.3414306640625, 29.21493911743164, 22.73015022277832, 16.646202087402344, 11.14281940460205]"
fin_whale_6107900D.wav,Fin Whale,"[-623.8113403320312, 54.21293258666992, 49.41905212402344, 46.721710205078125, 43.51270294189453, 39.794349670410156, 35.59125900268555, 31.11315155029297, 26.463037490844727, 21.82099723815918, 17.34675407409668, 13.163077354431152, 9.375371932983398]","[23.667245864868164, 12.050620079040527, 4.720534324645996, 4.9456000328063965, 5.333334445953369, 5.196379661560059, 4.992827892303467, 4.4892706871032715, 3.9612183570861816, 3.3886287212371826, 2.819810152053833, 2.356358051300049, 2.0744717121124268]","[-633.0446166992188, 45.41697692871094, 22.526439666748047, 23.294273376464844, 15.40609359741211, 13.413658142089844, 10.07598876953125, 8.473411560058594, 6.723067283630371, 5.783116340637207, 4.826692581176758, 4.239329814910889, 0.8973813056945801]","[-423.4738464355469, 115.02188873291016, 62.29342269897461, 56.17707443237305, 52.001426696777344, 46.95676803588867, 42.33965301513672, 37.329864501953125, 32.10984420776367, 26.99311065673828, 22.172260284423828, 17.717504501342773, 13.8812255859375]"
fin_whale_6104700F.wav,Fin Whale,"[-555.95556640625, 75.11058044433594, 59.558597564697266, 54.727622985839844, 49.72907257080078, 44.408775329589844, 38.680198669433594, 32.77100372314453, 26.816051483154297, 20.997215270996094, 15.448477745056152, 10.369297981262207, 5.842558860778809]","[44.227264404296875, 20.908287048339844, 9.949287414550781, 9.649357795715332, 10.270315170288086, 9.921905517578125, 9.20932674407959, 8.01762580871582, 6.591503620147705, 5.025016784667969, 3.5616378784179688, 2.33154559135437, 1.7400226593017578]","[-597.3961181640625, 34.033878326416016, 24.270435333251953, 24.907848358154297, 16.62561798095703, 14.247448921203613, 10.348392486572266, 8.193442344665527, 5.9227705001831055, 4.499685287475586, 3.0956203937530518, 2.0967910289764404, 0.7697257995605469]","[-346.62554931640625, 130.68887329101562, 83.76466369628906, 68.91447448730469, 63.586769104003906, 57.1455078125, 49.86610412597656, 42.05303955078125, 34.64434051513672, 28.167190551757812, 22.183061599731445, 18.226604461669922, 15.120079040527344]"
fin_whale_6107900H.wav,Fin Whale,"[-657.6193237304688, 64.4573745727539, 54.6411247253418, 51.18510818481445, 47.10974884033203, 42.586891174316406, 37.54071807861328, 32.21701431274414, 26.758655548095703, 21.371755599975586, 16.242876052856445, 11.493795394897461, 7.262535572052002]","[37.102142333984375, 16.78418731689453, 7.5523600578308105, 7.6301798820495605, 8.270648956298828, 7.935345649719238, 7.405792236328125, 6.507824897766113, 5.489128589630127, 4.392503261566162, 3.3189544677734375, 2.462670087814331, 1.9594248533248901]","[-674.4821166992188, 51.68670654296875, 23.313518524169922, 23.89095687866211, 15.797529220581055, 13.5826416015625, 10.00717544555664, 8.156377792358398, 6.1535797119140625, 4.963317394256592, 3.765099048614502, 2.9507715702056885, -0.27645254135131836]","[-459.6449890136719, 120.46964263916016, 66.1990737915039, 62.17719268798828, 57.558738708496094, 51.97271728515625, 45.656707763671875, 38.87371063232422, 32.744544982910156, 27.53150749206543, 22.417194366455078, 17.555896759033203, 13.083199501037598]"
fin_whale_6107900J.wav,Fin Whale,"[-639.7024536132812, 61.910491943359375, 51.88017654418945, 48.7315559387207, 44.92473602294922, 40.76998519897461, 36.16898727416992, 31.331188201904297, 26.33702850341797, 21.43807601928711, 16.72940444946289, 12.359170913696289, 8.437660217285156]","[40.68716812133789, 17.284759521484375, 7.958048343658447, 7.788576602935791, 8.474140167236328, 8.183366775512695, 7.682310581207275, 6.776876926422119, 5.819743633270264, 4.68084716796875, 3.608900785446167, 2.673630475997925, 2.0390660762786865]","[-658.4946899414062, 47.946990966796875, 21.185726165771484, 22.020118713378906, 14.227334976196289, 12.353012084960938, 9.149550437927246, 7.690393924713135, 6.085740089416504, 5.1737775802612305, 4.242179870605469, 3.6908957958221436, 3.113752841949463]","[-407.51861572265625, 116.620361328125, 68.19990539550781, 61.597503662109375, 57.09358215332031, 51.636199951171875, 45.45068359375, 38.844215393066406, 32.997161865234375, 28.045631408691406, 23.172164916992188, 18.518075942993164, 14.206827163696289]"
fin_whale_6106400F.wav,Fin Whale,"[-715.5381469726562, 68.48439025878906, 53.428321838378906, 49.3039665222168, 45.2249755859375, 40.59757995605469, 35.69490051269531, 30.54515266418457, 25.36986541748047, 20.33867645263672, 15.489952087402344, 11.06277847290039, 7.118326663970947]","[44.06864929199219, 20.98259162902832, 8.827462196350098, 9.114421844482422, 9.48805046081543, 9.27890396118164, 8.523641586303711, 7.4877753257751465, 6.227187156677246, 4.770825386047363, 3.4821245670318604, 2.3559200763702393, 1.7160600423812866]","[-739.0236206054688, 52.21794128417969, 22.965641021728516, 23.746002197265625, 15.878852844238281, 13.90960693359375, 10.592042922973633, 9.002157211303711, 7.253636360168457, 6.302242279052734, 5.118603706359863, 4.274718284606934, 2.9739651679992676]","[-523.4356079101562, 120.47334289550781, 71.5416030883789, 62.654396057128906, 57.93955993652344, 52.22184753417969, 45.73434066772461, 38.735809326171875, 32.68463134765625, 27.291095733642578, 22.18728256225586, 17.344898223876953, 12.900413513183594]"
fin_whale_61064009.wav,Fin Whale,"[-649.7365112304688, 60.00382614135742, 52.15909194946289, 49.311100006103516, 45.71385955810547, 41.61845779418945, 37.07035827636719, 32.24443435668945, 27.270849227905273, 22.31939697265625, 17.531391143798828, 13.088528633117676, 9.071955680847168]","[33.03408432006836, 15.344731330871582, 6.736063480377197, 6.701829433441162, 7.247481822967529, 7.042983531951904, 6.590914726257324, 5.82329797744751, 4.940284729003906, 3.9678211212158203, 3.0752475261688232, 2.260869264602661, 1.729244351387024]","[-663.7174682617188, 48.79431915283203, 22.501667022705078, 23.594749450683594, 15.983166694641113, 13.926634788513184, 10.519514083862305, 8.85030746459961, 7.035767555236816, 6.0338826179504395, 5.017685413360596, 4.37302303314209, 3.696503162384033]","[-457.2416687011719, 116.09651947021484, 64.66053009033203, 59.02451705932617, 55.11406707763672, 50.35955810546875, 44.94658660888672, 39.081905364990234, 32.98322296142578, 27.234092712402344, 22.26496696472168, 18.005878448486328, 14.000581741333008]"
fin_whale_61039001.wav,Fin Whale,"[-692.8029174804688, 73.44098663330078, 70.87157440185547, 66.81099700927734, 61.38176345825195, 54.832218170166016, 47.4391975402832, 39.514862060546875, 31.38169288635254, 23.360713958740234, 15.751457214355469, 8.818451881408691, 2.7776899337768555]","[4.14076566696167, 3.0871498584747314, 2.8097169399261475, 2.5742740631103516, 2.4246788024902344, 2.2033133506774902, 1.9843800067901611, 1.7789161205291748, 1.6385034322738647, 1.5665770769119263, 1.556834101676941, 1.5815132856369019, 1.612687110900879]","[-699.8948974609375, 63.65242004394531, 27.75923728942871, 28.15800666809082, 19.936012268066406, 17.626630783081055, 13.979021072387695, 12.070638656616211, 10.016138076782227, 8.770427703857422, 6.626911163330078, 4.00999641418457, -2.313436508178711]","[-524.9520874023438, 125.80060577392578, 93.69606018066406, 74.73214721679688, 68.75717163085938, 61.545074462890625, 53.411712646484375, 44.741981506347656, 36.079689025878906, 28.63351821899414, 21.516948699951172, 14.89780044555664, 8.971776962280273]"
fin_whale_61079002.wav,Fin Whale,"[-739.2564086914062, 70.0421371459961, 59.58903121948242, 55.010292053222656, 50.192806243896484, 44.77304458618164, 38.89509582519531, 32.76237106323242, 26.531452178955078, 20.430591583251953, 14.648457527160645, 9.357942581176758, 4.690582275390625]","[33.12077713012695, 17.309526443481445, 7.51455545425415, 7.855770587921143, 8.298009872436523, 8.181241989135742, 7.644658088684082, 6.6912126541137695, 5.560057640075684, 4.307324409484863, 3.103355646133423, 2.1125547885894775, 1.626673936843872]","[-755.8684692382812, 56.13921356201172, 21.034027099609375, 21.545513153076172, 13.439945220947266, 11.2549409866333, 7.742908477783203, 5.983735084533691, 4.0950775146484375, 3.035475492477417, 1.9778258800506592, 1.3075369596481323, -1.0403289794921875]","[-518.6351318359375, 127.50151824951172, 80.27750396728516, 68.85638427734375, 63.283477783203125, 56.54051971435547, 49.13066101074219, 41.64198303222656, 34.23704147338867, 27.87653923034668, 21.789905548095703, 16.21319580078125, 11.228728294372559]"
fin_whale_61047009.wav,Fin Whale,"[-609.4053955078125, 73.6709213256836, 71.19515228271484, 67.26715087890625, 62.00918197631836, 55.6538200378418, 48.468406677246094, 40.75468063354492, 32.8232421875, 24.98148536682129, 17.516704559326172, 10.683733940124512, 4.69162654876709]","[5.2711005210876465, 2.479527711868286, 2.326378583908081, 2.1536598205566406, 2.0002710819244385, 1.8019269704818726, 1.6596759557724, 1.545135259628296, 1.4940991401672363, 1.507336139678955, 1.5674632787704468, 1.634574294090271, 1.6817325353622437]","[-614.80419921875, 66.3559799194336, 24.546642303466797, 23.939868927001953, 17.518844604492188, 15.062675476074219, 9.87984848022461, 7.412822723388672, 6.054152011871338, 5.536795616149902, 4.424840927124023, 3.4756197929382324, -1.1760895252227783]","[-355.17425537109375, 126.48855590820312, 82.33091735839844, 74.16374206542969, 68.42803192138672, 61.4892578125, 53.64098358154297, 45.62255859375, 37.81707000732422, 30.15042495727539, 23.062774658203125, 16.444995880126953, 10.488106727600098]"
fin_whale_61064006.wav,Fin Whale,"[-658.9509887695312, 61.3790283203125, 51.769630432128906, 48.639747619628906, 44.926658630371094, 40.823638916015625, 36.25270462036133, 31.44179916381836, 26.532318115234375, 21.676048278808594, 16.994375228881836, 12.659751892089844, 8.758013725280762]","[36.99473190307617, 16.981441497802734, 7.416399955749512, 7.443020820617676, 8.013396263122559, 7.707432270050049, 7.237428188323975, 6.417407035827637, 5.430505752563477, 4.344876289367676, 3.348912000656128, 2.4617714881896973, 1.8927339315414429]","[-677.5576171875, 46.05194854736328, 22.356788635253906, 22.87380599975586, 15.740669250488281, 13.693855285644531, 10.305328369140625, 8.653623580932617, 6.854538917541504, 5.833539962768555, 4.754981517791748, 4.04089879989624, 3.2911949157714844]","[-436.3533630371094, 116.90692901611328, 68.74067687988281, 63.789894104003906, 59.339515686035156, 53.937076568603516, 47.79932403564453, 41.167396545410156, 34.294776916503906, 27.434749603271484, 22.820158004760742, 18.58224105834961, 14.607038497924805]"
fin_whale_6106400L.wav,Fin Whale,"[-724.1884765625, 75.087890625, 61.30216979980469, 56.498355865478516, 51.27279281616211, 45.59858322143555, 39.39030075073242, 32.97168731689453, 26.4837703704834, 20.160175323486328, 14.190908432006836, 8.762962341308594, 4.000233173370361]","[43.30274963378906, 19.13208770751953, 9.576821327209473, 9.436823844909668, 10.07634449005127, 9.642494201660156, 8.93222713470459, 7.706387042999268, 6.2953901290893555, 4.763361930847168, 3.310231924057007, 2.12666654586792, 1.6225733757019043]","[-746.5704956054688, 59.331825256347656, 21.112346649169922, 21.68019676208496, 13.665582656860352, 11.605718612670898, 8.253305435180664, 6.214138507843018, 4.086560249328613, 2.833752155303955, 1.6215786933898926, 0.5845730900764465, -0.9181274175643921]","[-503.9125061035156, 130.51541137695312, 84.46804809570312, 70.73316955566406, 65.30915069580078, 58.75231170654297, 51.34349060058594, 43.3929557800293, 35.22388458251953, 28.45501708984375, 22.451168060302734, 16.735828399658203, 11.47122573852539]"
humpback_whale_6301901N.wav,Humpback Whale,"[-361.19256591796875, 180.9026336669922, 7.206078052520752, 14.633667945861816, 4.059314727783203, 15.190752029418945, -2.919731855392456, 2.773700714111328, 1.0100942850112915, -1.5152084827423096, 3.9425857067108154, -1.8334050178527832, 6.3555073738098145]","[53.98524856567383, 23.068357467651367, 29.24567413330078, 13.118547439575195, 10.077960014343262, 7.058998107910156, 7.723943710327148, 7.781631946563721, 8.46934700012207, 6.868806838989258, 6.133338928222656, 7.309261322021484, 9.487403869628906]","[-459.2293701171875, 108.05758666992188, -76.60011291503906, -25.684123992919922, -31.0147647857666, -15.537956237792969, -29.3666934967041, -25.251317977905273, -26.934724807739258, -23.355085372924805, -17.635791778564453, -22.564342498779297, -21.07961654663086]","[-186.1134033203125, 243.73297119140625, 60.694732666015625, 56.93498611450195, 44.557586669921875, 40.478919982910156, 23.675613403320312, 29.123485565185547, 28.35666275024414, 30.023113250732422, 34.247779846191406, 36.50408935546875, 65.4552001953125]"
humpback_whale_6301901M.wav,Humpback Whale,"[-382.1385498046875, 171.42796325683594, 11.347789764404297, 17.749774932861328, 14.85043716430664, 21.73951530456543, 0.4447057247161865, 4.727351188659668, 3.904848575592041, 0.9613410234451294, 3.8359220027923584, -2.8718173503875732, 2.9227404594421387]","[41.98819351196289, 18.485599517822266, 24.29174041748047, 9.456170082092285, 10.327737808227539, 8.979425430297852, 7.583690166473389, 7.609288692474365, 7.548338890075684, 7.659687042236328, 7.465470790863037, 7.323310375213623, 6.504907608032227]","[-454.42205810546875, 113.46063232421875, -71.323974609375, -22.627967834472656, -25.98453140258789, -17.192365646362305, -32.877830505371094, -32.38025665283203, -25.432205200195312, -26.94989013671875, -21.604175567626953, -32.149478912353516, -26.074674606323242]","[-216.09156799316406, 229.22769165039062, 64.85713195800781, 48.394187927246094, 52.50033187866211, 54.32343292236328, 32.98529815673828, 31.35536766052246, 31.380577087402344, 33.19078826904297, 35.08150100708008, 29.076950073242188, 43.06368637084961]"
humpback_whale_6301901H.wav,Humpback Whale,"[-393.33428955078125, 162.1277313232422, 4.714469909667969, 11.496891975402832, 2.9652087688446045, 21.901403427124023, 7.029264450073242, 11.93011474609375, 7.599991798400879, 4.2762627601623535, 9.507888793945312, 2.0411555767059326, 6.953190326690674]","[45.67664337158203, 23.301340103149414, 25.714391708374023, 12.282422065734863, 11.513633728027344, 14.084718704223633, 13.5654935836792, 8.639702796936035, 10.258581161499023, 13.370830535888672, 13.24197769165039, 13.560868263244629, 12.245789527893066]","[-467.3691711425781, 109.59767150878906, -94.59171295166016, -29.996715545654297, -34.55549621582031, -22.307903289794922, -33.852203369140625, -18.211177825927734, -29.155132293701172, -40.74805450439453, -40.103309631347656, -43.28669738769531, -30.239707946777344]","[-229.02113342285156, 238.20083618164062, 62.834373474121094, 48.074012756347656, 57.23952102661133, 78.74742126464844, 52.50204849243164, 50.650447845458984, 50.94573211669922, 55.462310791015625, 65.62956237792969, 53.07808303833008, 61.12798309326172]"
humpback_whale_6301900W.wav,Humpback Whale,"[-371.3055419921875, 180.3573455810547, -2.086573600769043, 9.692705154418945, 1.0107709169387817, 21.466745376586914, 4.0153398513793945, 12.70812702178955, 12.975118637084961, 6.692770004272461, 2.4059624671936035, -11.37562084197998, -1.2899960279464722]","[59.087181091308594, 30.705841064453125, 25.488365173339844, 15.618362426757812, 9.231579780578613, 9.121885299682617, 6.397561073303223, 8.534483909606934, 10.105910301208496, 10.979771614074707, 8.076096534729004, 8.3327054977417, 8.733304023742676]","[-454.0005187988281, 120.69044494628906, -67.28846740722656, -24.90119171142578, -33.897186279296875, -12.001920700073242, -12.217649459838867, -6.333891868591309, -5.563544273376465, -12.851699829101562, -18.451683044433594, -37.260032653808594, -28.522836685180664]","[-229.1278839111328, 237.722900390625, 46.4947395324707, 41.003509521484375, 25.42284393310547, 44.529056549072266, 21.055950164794922, 54.4320182800293, 45.6044921875, 38.46893310546875, 29.456192016601562, 12.375046730041504, 13.746862411499023]"
humpback_whale_6301900V.wav,Humpback Whale,"[-392.0577087402344, 171.500732421875, 10.685355186462402, 8.457650184631348, 6.257962703704834, 20.11937713623047, 3.5885632038116455, 11.180281639099121, 12.381298065185547, 7.640323162078857, 4.995939254760742, -8.212181091308594, -4.890560626983643]","[47.03572082519531, 30.68348503112793, 20.61427879333496, 15.879852294921875, 7.473588943481445, 9.080707550048828, 8.907052993774414, 7.3389410972595215, 9.268171310424805, 11.515241622924805, 8.921731948852539, 6.899957656860352, 7.994275093078613]","[-539.8251342773438, 84.45903015136719, -44.545654296875, -26.697921752929688, -16.557579040527344, -4.231438636779785, -21.033615112304688, -8.088287353515625, -9.148906707763672, -14.040323257446289, -14.996294021606445, -26.2451114654541, -26.062551498413086]","[-282.4451904296875, 229.97955322265625, 61.584991455078125, 42.09497833251953, 31.300304412841797, 46.047706604003906, 26.678455352783203, 28.764638900756836, 35.5568962097168, 37.480377197265625, 24.6645565032959, 15.286066055297852, 14.166955947875977]"
humpback_whale_6304300O.wav,Humpback Whale,"[-307.7149353027344, 157.42027282714844, 1.3302154541015625, 18.57526206970215, 18.77126693725586, 29.74665641784668, 1.6019047498703003, 20.552915573120117, 10.661232948303223, -1.7587440013885498, 4.8946990966796875, -3.565887212753296, 9.341598510742188]","[28.037555694580078, 16.088077545166016, 14.692017555236816, 8.14946460723877, 9.098687171936035, 7.41547966003418, 6.066903114318848, 5.171058654785156, 5.116121292114258, 5.020548343658447, 4.337421417236328, 4.688879013061523, 4.871354579925537]","[-351.68524169921875, 127.72572326660156, -48.14763641357422, -10.662152290344238, 3.1123170852661133, 1.8145451545715332, -18.317363739013672, 1.0234051942825317, -8.30295467376709, -16.553564071655273, -7.882654190063477, -19.243122100830078, -6.027327060699463]","[-230.63978576660156, 209.51409912109375, 31.951683044433594, 37.2342643737793, 47.41258239746094, 43.76439666748047, 14.76121711730957, 35.065162658691406, 29.132099151611328, 15.580629348754883, 16.344261169433594, 8.117277145385742, 27.37311553955078]"
humpback_whale_9220100B.wav,Humpback Whale,"[-359.09619140625, 134.7320098876953, -40.48268508911133, 53.14580535888672, -3.3002169132232666, 17.303272247314453, 20.78596305847168, 15.989314079284668, 11.584366798400879, -5.255068302154541, -0.06921034306287766, -2.6576030254364014, 5.817866802215576]","[38.903480529785156, 22.753591537475586, 27.70226287841797, 14.438345909118652, 13.626579284667969, 11.646730422973633, 12.445773124694824, 10.42828369140625, 7.808979511260986, 8.261883735656738, 8.890809059143066, 7.140034198760986, 4.694825172424316]","[-469.65234375, 86.50320434570312, -88.28030395507812, 17.22543716430664, -43.718936920166016, -12.518467903137207, -9.051899909973145, -12.293399810791016, -6.166356086730957, -23.588245391845703, -18.180938720703125, -19.935943603515625, -4.365790843963623]","[-297.2677917480469, 179.87744140625, 15.583097457885742, 82.59283447265625, 26.420772552490234, 45.86023712158203, 46.98182678222656, 35.71186828613281, 34.829132080078125, 16.74860191345215, 27.0914306640625, 15.289406776428223, 17.422466278076172]"
humpback_whale_9220100G.wav,Humpback Whale,"[-468.4735412597656, 98.28673553466797, -56.123226165771484, 71.42243194580078, -21.640239715576172, 25.697561264038086, -2.0855367183685303, 7.208899974822998, 2.6556525230407715, -4.381710529327393, 9.024805068969727, -2.392139434814453, 17.82223892211914]","[45.06578826904297, 33.86027526855469, 18.98014259338379, 9.74300765991211, 7.822469234466553, 8.563652038574219, 9.494462966918945, 8.737855911254883, 8.770143508911133, 9.66105842590332, 8.995258331298828, 7.346495628356934, 7.347725868225098]","[-524.3933715820312, 57.436370849609375, -115.34403991699219, 19.995811462402344, -54.46055603027344, -5.741398811340332, -32.26059341430664, -19.628490447998047, -26.510047912597656, -34.1973762512207, -16.944578170776367, -31.161956787109375, -4.617680549621582]","[-354.9018249511719, 188.96151733398438, -14.240020751953125, 92.95733642578125, 1.4054125547409058, 55.25251770019531, 43.78540802001953, 33.71527862548828, 22.530559539794922, 18.76985740661621, 39.814903259277344, 27.93354034423828, 47.57777786254883]"
humpback_whale_6301901E.wav,Humpback Whale,"[-382.8690490722656, 171.6288299560547, 11.752452850341797, 13.307563781738281, 6.783507823944092, 21.38303565979004, 4.868764400482178, 8.256284713745117, 4.509252071380615, 1.3225984573364258, 4.595795154571533, -4.008091449737549, 1.1643236875534058]","[47.65713882446289, 26.88845443725586, 21.551191329956055, 14.120945930480957, 8.660289764404297, 9.175152778625488, 7.520649433135986, 7.751424789428711, 9.048528671264648, 8.680835723876953, 7.7562642097473145, 7.548182487487793, 6.673157215118408]","[-453.7450256347656, 112.78143310546875, -46.041107177734375, -26.55771255493164, -22.90433120727539, -11.084375381469727, -18.512924194335938, -13.74724006652832, -19.63964080810547, -21.922061920166016, -17.61729621887207, -31.19375991821289, -23.572107315063477]","[-251.59837341308594, 241.1489715576172, 62.54936599731445, 59.738861083984375, 38.14331817626953, 47.91829299926758, 25.929962158203125, 35.00341796875, 43.64593505859375, 35.158103942871094, 40.496307373046875, 23.681581497192383, 31.291179656982422]"
humpback_whale_6301901A.wav,Humpback Whale,"[-390.0179748535156, 163.62098693847656, 10.70030689239502, 22.287065505981445, 14.135863304138184, 24.848920822143555, 1.835178017616272, 4.981631278991699, 1.671088695526123, -2.109020948410034, 1.7133408784866333, -5.53455114364624, 2.4630231857299805]","[49.0149040222168, 21.707229614257812, 26.03737449645996, 11.265909194946289, 9.782880783081055, 8.628236770629883, 8.421441078186035, 6.723966598510742, 6.485927104949951, 5.136008262634277, 4.526712417602539, 5.230005741119385, 5.071418762207031]","[-466.78955078125, 108.18150329589844, -74.73531341552734, -25.22068977355957, -23.116361618041992, -4.8930134773254395, -29.417930603027344, -19.437042236328125, -23.11812973022461, -21.706741333007812, -16.624540328979492, -24.4200439453125, -19.286598205566406]","[-227.4572296142578, 234.44638061523438, 70.61734008789062, 56.20758056640625, 58.264469146728516, 50.417572021484375, 24.527896881103516, 27.974267959594727, 23.61367416381836, 16.78856086730957, 20.31725311279297, 16.89517593383789, 37.774349212646484]"
humpback_whale_5511300F.wav,Humpback Whale,"[-259.14251708984375, 158.5235595703125, -21.340211868286133, 68.49038696289062, -23.58977508544922, 17.99947738647461, -0.736695408821106, 7.444522857666016, 11.95479965209961, -2.3687939643859863, 3.8199405670166016, -13.979775428771973, -2.1814522743225098]","[7.971105098724365, 7.133340358734131, 5.073215961456299, 6.273378372192383, 6.800719738006592, 5.9595561027526855, 4.758325576782227, 4.490901470184326, 5.1723480224609375, 5.483485221862793, 5.811049461364746, 5.113574981689453, 4.684481620788574]","[-308.00543212890625, 135.96963500976562, -41.34269332885742, 39.915802001953125, -48.486488342285156, -7.785553932189941, -17.019283294677734, -7.7232489585876465, -1.709615707397461, -17.831846237182617, -18.63052749633789, -34.88504409790039, -18.59034538269043]","[-222.1974334716797, 187.62179565429688, -1.29926598072052, 85.61299133300781, -5.540218353271484, 36.024810791015625, 15.256990432739258, 28.660354614257812, 35.116153717041016, 16.618408203125, 26.37664222717285, 8.328454971313477, 9.900277137756348]"
humpback_whale_63019018.wav,Humpback Whale,"[-384.6920166015625, 163.72434997558594, 8.82008171081543, 19.780698776245117, 17.682159423828125, 26.691299438476562, 2.5807766914367676, 5.245410442352295, 5.426297664642334, 2.4850571155548096, 2.6677446365356445, -5.666378498077393, 2.521942615509033]","[43.92655944824219, 20.173856735229492, 24.169775009155273, 10.605252265930176, 11.417878150939941, 10.252288818359375, 8.993316650390625, 8.951183319091797, 8.271222114562988, 7.891992092132568, 6.763162612915039, 6.994083881378174, 7.034780979156494]","[-459.27093505859375, 112.230712890625, -73.55736541748047, -25.15676498413086, -29.864444732666016, -20.220458984375, -29.743183135986328, -35.89747619628906, -35.918678283691406, -24.581432342529297, -24.522865295410156, -34.79165267944336, -28.908103942871094]","[-217.82708740234375, 230.5076141357422, 62.09225845336914, 52.694908142089844, 54.88027572631836, 58.455101013183594, 36.577003479003906, 39.8846549987793, 42.78118133544922, 39.22517395019531, 49.15966033935547, 39.135467529296875, 56.537845611572266]"
humpback_whale_55113007.wav,Humpback Whale,"[-293.2435607910156, 206.8779296875, 15.375449180603027, 19.456445693969727, -1.6386830806732178, 4.8788838386535645, 3.812713146209717, -1.717703104019165, 14.11464786529541, 3.0227980613708496, -2.3480093479156494, -4.512973785400391, -9.343305587768555]","[8.057316780090332, 7.039061546325684, 5.35348653793335, 6.108535289764404, 6.109042644500732, 5.7377777099609375, 4.9167985916137695, 4.570121765136719, 4.995017051696777, 5.339515686035156, 5.646815299987793, 5.582234859466553, 5.082723617553711]","[-322.620361328125, 172.30860900878906, -17.69526481628418, -7.064718246459961, -24.46084976196289, -18.306854248046875, -13.252601623535156, -17.141672134399414, -3.538358688354492, -12.615501403808594, -21.51404571533203, -26.453296661376953, -30.205238342285156]","[-254.67984008789062, 238.8727264404297, 34.5045166015625, 34.819881439208984, 13.158029556274414, 17.87612533569336, 17.21792984008789, 17.291427612304688, 37.01749038696289, 20.628189086914062, 17.287179946899414, 21.331069946289062, 7.54792594909668]"
humpback_whale_63019017.wav,Humpback Whale,"[-408.39605712890625, 153.2711944580078, 7.83395528793335, 18.339216232299805, 10.284180641174316, 30.5407772064209, 8.489555358886719, 9.202885627746582, 4.498589038848877, 2.383429527282715, 9.130721092224121, 2.683547258377075, 9.42995834350586]","[33.804500579833984, 15.626380920410156, 23.10881805419922, 11.4169282913208, 11.952881813049316, 12.327323913574219, 10.623922348022461, 8.312817573547363, 7.708349704742432, 9.046721458435059, 10.527525901794434, 10.359698295593262, 8.520197868347168]","[-453.7532653808594, 113.76943969726562, -102.03636169433594, -30.448043823242188, -37.35514831542969, -18.360631942749023, -31.682453155517578, -23.33090591430664, -29.587770462036133, -37.349212646484375, -33.82069396972656, -36.9624137878418, -29.40903663635254]","[-224.85890197753906, 224.2108154296875, 45.3917236328125, 46.189029693603516, 67.7098617553711, 89.00555419921875, 50.45893859863281, 51.05903244018555, 43.12778854370117, 43.08787155151367, 53.712425231933594, 47.67418670654297, 59.01143264770508]"
humpback_whale_63019010.wav,Humpback Whale,"[-385.27801513671875, 173.0147247314453, 8.036474227905273, 11.881885528564453, 7.751293182373047, 24.812889099121094, 4.976266384124756, 11.050453186035156, 9.199426651000977, 3.031067132949829, 2.9451310634613037, -5.943375587463379, 3.3363730907440186]","[48.92689895629883, 31.509017944335938, 20.967681884765625, 15.883851051330566, 7.852339267730713, 6.974686145782471, 8.83680248260498, 9.979296684265137, 7.9906535148620605, 6.567376136779785, 9.264469146728516, 9.845245361328125, 6.692266941070557]","[-463.2810363769531, 106.5351333618164, -56.19991683959961, -26.447248458862305, -32.60067367553711, -5.514235973358154, -22.89655303955078, -14.12813949584961, -14.728341102600098, -21.930335998535156, -24.599605560302734, -38.60197448730469, -18.363147735595703]","[-249.90455627441406, 242.068603515625, 44.90645980834961, 40.52763748168945, 34.915504455566406, 52.530921936035156, 31.920761108398438, 49.84111022949219, 44.14324188232422, 34.76886749267578, 44.029762268066406, 23.55828857421875, 37.65790939331055]"
humpback_whale_6304300F.wav,Humpback Whale,"[-218.7640380859375, 198.38931274414062, -17.36631965637207, 12.647171020507812, 22.560192108154297, 16.89144515991211, -1.9316966533660889, 18.520517349243164, 7.425973892211914, -0.43769213557243347, 7.3986616134643555, -1.6402229070663452, 9.528790473937988]","[37.673763275146484, 13.724985122680664, 14.845931053161621, 8.29699420928955, 9.853981971740723, 5.612087726593018, 5.8474016189575195, 7.283810615539551, 6.03010892868042, 6.448825836181641, 6.423951625823975, 5.894482612609863, 5.628358364105225]","[-289.85174560546875, 131.2506561279297, -68.00567626953125, -16.495603561401367, -18.858203887939453, -1.6479592323303223, -20.115461349487305, -2.7740046977996826, -9.834095001220703, -22.351760864257812, -14.202475547790527, -20.847042083740234, -11.298898696899414]","[-89.55575561523438, 235.74656677246094, 15.320255279541016, 45.587646484375, 41.51654815673828, 43.955162048339844, 29.256309509277344, 41.91675567626953, 23.638534545898438, 19.25518798828125, 22.009830474853516, 19.47854232788086, 37.692970275878906]"
humpback_whale_92201001.wav,Humpback Whale,"[-366.0813903808594, 125.8842544555664, -38.723609924316406, 52.064632415771484, -5.1487836837768555, 16.245649337768555, 18.76664924621582, 15.713147163391113, 8.933795928955078, -4.536826133728027, 1.2845379114151, -3.240659713745117, 8.32251262664795]","[36.14525604248047, 25.613059997558594, 29.33877182006836, 15.446897506713867, 14.984585762023926, 15.791872024536133, 14.131308555603027, 12.395188331604004, 11.837433815002441, 9.254284858703613, 7.477058410644531, 7.372978687286377, 5.963191509246826]","[-471.15911865234375, 60.00468063354492, -96.09264373779297, 13.780950546264648, -46.9429931640625, -31.15001678466797, -26.249820709228516, -10.38344955444336, -24.964340209960938, -32.94780349731445, -17.198226928710938, -25.296432495117188, -6.975589752197266]","[-295.6845703125, 175.85662841796875, 22.86614990234375, 91.83564758300781, 34.00053405761719, 51.96863555908203, 46.443851470947266, 44.37419891357422, 35.76403045654297, 22.596303939819336, 20.35576629638672, 16.58503532409668, 25.640378952026367]"
humpback_whale_55113001.wav,Humpback Whale,"[-241.58534240722656, 171.82351684570312, -67.27281188964844, 20.521825790405273, 41.20781707763672, -0.5006996989250183, 9.517436981201172, 2.783815383911133, -2.6581685543060303, 5.587092399597168, 8.869668006896973, 6.258262634277344, 8.5101900100708]","[24.5011043548584, 12.80577564239502, 15.28646469116211, 9.884242057800293, 9.083328247070312, 8.672148704528809, 8.607176780700684, 7.866770267486572, 7.118947505950928, 7.779318332672119, 8.508925437927246, 9.58395004272461, 9.084831237792969]","[-296.1701965332031, 123.69355773925781, -124.35853576660156, -16.765396118164062, 6.527083396911621, -31.18065071105957, -22.320907592773438, -22.57678985595703, -23.928834915161133, -26.816282272338867, -21.273029327392578, -20.11803436279297, -18.822351455688477]","[-160.57379150390625, 214.10406494140625, -7.880130767822266, 48.05234146118164, 80.5609130859375, 32.81157684326172, 38.145057678222656, 28.085765838623047, 30.251068115234375, 32.07716369628906, 48.14862060546875, 36.97074890136719, 33.56388854980469]"
humpback_whale_9220100X.wav,Humpback Whale,"[-411.6211242675781, 84.5495834350586, -54.73540115356445, 42.63521957397461, -28.365009307861328, 10.597636222839355, 2.822770833969116, 2.512955665588379, 4.211458206176758, 0.5854225158691406, 15.28573226928711, 6.388829708099365, 5.328221797943115]","[40.26187515258789, 35.24694061279297, 16.899524688720703, 20.252685546875, 15.090953826904297, 19.29502296447754, 17.859867095947266, 14.103655815124512, 17.071086883544922, 20.6162052154541, 16.501203536987305, 14.231968879699707, 10.557884216308594]","[-480.3221130371094, 34.25703048706055, -108.789794921875, -5.2841796875, -65.57106018066406, -33.203224182128906, -40.67057800292969, -36.722442626953125, -39.647621154785156, -49.167259216308594, -31.389842987060547, -33.880775451660156, -20.018667221069336]","[-282.80010986328125, 204.75970458984375, -11.692516326904297, 92.73402404785156, 26.363182067871094, 60.422176361083984, 48.85576629638672, 58.7652587890625, 44.4755859375, 43.47837448120117, 53.45891189575195, 39.92536544799805, 44.77958679199219]"
humpback_whale_6301901T.wav,Humpback Whale,"[-380.9952697753906, 170.3074188232422, 12.141390800476074, 15.569697380065918, 9.756033897399902, 19.421186447143555, 0.12208066135644913, 3.8056395053863525, 3.108823776245117, 1.778762936592102, 5.925649642944336, -0.35043036937713623, 5.2195634841918945]","[36.584938049316406, 17.753002166748047, 22.22066307067871, 10.74575424194336, 10.751956939697266, 10.072074890136719, 9.511839866638184, 8.531041145324707, 9.13044261932373, 8.793542861938477, 8.4472017288208, 8.329485893249512, 8.062963485717773]","[-445.940185546875, 109.92178344726562, -74.8643798828125, -28.054737091064453, -34.92852020263672, -28.510173797607422, -39.13950729370117, -32.02713394165039, -37.67831039428711, -38.329322814941406, -25.06627655029297, -38.269805908203125, -23.318313598632812]","[-220.06130981445312, 233.54940795898438, 53.95886993408203, 45.217140197753906, 56.744407653808594, 61.918975830078125, 39.992374420166016, 45.68504333496094, 35.587188720703125, 38.93336868286133, 55.19035720825195, 46.921661376953125, 58.364295959472656]"
