File_Name,File_Path,Species
bowhead_whale_88006008.wav,./audio/bowhead_whale/bowhead_whale_88006008.wav,Bowhead Whale
bowhead_whale_88006006.wav,./audio/bowhead_whale/bowhead_whale_88006006.wav,Bowhead Whale
bowhead_whale_88006005.wav,./audio/bowhead_whale/bowhead_whale_88006005.wav,Bowhead Whale
bowhead_whale_7801800J.wav,./audio/bowhead_whale/bowhead_whale_7801800J.wav,Bowhead Whale
bowhead_whale_7801800H.wav,./audio/bowhead_whale/bowhead_whale_7801800H.wav,Bowhead Whale
bowhead_whale_88006036.wav,./audio/bowhead_whale/bowhead_whale_88006036.wav,Bowhead Whale
bowhead_whale_8800600R.wav,./audio/bowhead_whale/bowhead_whale_8800600R.wav,Bowhead Whale
bowhead_whale_8800600T.wav,./audio/bowhead_whale/bowhead_whale_8800600T.wav,Bowhead Whale
bowhead_whale_88006034.wav,./audio/bowhead_whale/bowhead_whale_88006034.wav,Bowhead Whale
bowhead_whale_8800600U.wav,./audio/bowhead_whale/bowhead_whale_8800600U.wav,Bowhead Whale
bowhead_whale_8800600P.wav,./audio/bowhead_whale/bowhead_whale_8800600P.wav,Bowhead Whale
bowhead_whale_8800600L.wav,./audio/bowhead_whale/bowhead_whale_8800600L.wav,Bowhead Whale
bowhead_whale_8800600K.wav,./audio/bowhead_whale/bowhead_whale_8800600K.wav,Bowhead Whale
bowhead_whale_88006016.wav,./audio/bowhead_whale/bowhead_whale_88006016.wav,Bowhead Whale
bowhead_whale_8800600A.wav,./audio/bowhead_whale/bowhead_whale_8800600A.wav,Bowhead Whale
bowhead_whale_8800600N.wav,./audio/bowhead_whale/bowhead_whale_8800600N.wav,Bowhead Whale
bowhead_whale_88006038.wav,./audio/bowhead_whale/bowhead_whale_88006038.wav,Bowhead Whale
bowhead_whale_8800600I.wav,./audio/bowhead_whale/bowhead_whale_8800600I.wav,Bowhead Whale
bowhead_whale_78018003.wav,./audio/bowhead_whale/bowhead_whale_78018003.wav,Bowhead Whale
bowhead_whale_8800600C.wav,./audio/bowhead_whale/bowhead_whale_8800600C.wav,Bowhead Whale
bowhead_whale_78018002.wav,./audio/bowhead_whale/bowhead_whale_78018002.wav,Bowhead Whale
bowhead_whale_72021005.wav,./audio/bowhead_whale/bowhead_whale_72021005.wav,Bowhead Whale
fin_whale_60009007.wav,./audio/fin_whale/fin_whale_60009007.wav,Fin Whale
fin_whale_60009005.wav,./audio/fin_whale/fin_whale_60009005.wav,Fin Whale
fin_whale_60009006.wav,./audio/fin_whale/fin_whale_60009006.wav,Fin Whale
fin_whale_78014004.wav,./audio/fin_whale/fin_whale_78014004.wav,Fin Whale
fin_whale_78014009.wav,./audio/fin_whale/fin_whale_78014009.wav,Fin Whale
fin_whale_61048007.wav,./audio/fin_whale/fin_whale_61048007.wav,Fin Whale
fin_whale_6106400B.wav,./audio/fin_whale/fin_whale_6106400B.wav,Fin Whale
fin_whale_6107900B.wav,./audio/fin_whale/fin_whale_6107900B.wav,Fin Whale
fin_whale_6107900N.wav,./audio/fin_whale/fin_whale_6107900N.wav,Fin Whale
fin_whale_6107900D.wav,./audio/fin_whale/fin_whale_6107900D.wav,Fin Whale
fin_whale_6104700F.wav,./audio/fin_whale/fin_whale_6104700F.wav,Fin Whale
fin_whale_6107900H.wav,./audio/fin_whale/fin_whale_6107900H.wav,Fin Whale
fin_whale_6107900J.wav,./audio/fin_whale/fin_whale_6107900J.wav,Fin Whale
fin_whale_6106400F.wav,./audio/fin_whale/fin_whale_6106400F.wav,Fin Whale
fin_whale_61064009.wav,./audio/fin_whale/fin_whale_61064009.wav,Fin Whale
fin_whale_61039001.wav,./audio/fin_whale/fin_whale_61039001.wav,Fin Whale
fin_whale_61079002.wav,./audio/fin_whale/fin_whale_61079002.wav,Fin Whale
fin_whale_61047009.wav,./audio/fin_whale/fin_whale_61047009.wav,Fin Whale
fin_whale_61064006.wav,./audio/fin_whale/fin_whale_61064006.wav,Fin Whale
fin_whale_6106400L.wav,./audio/fin_whale/fin_whale_6106400L.wav,Fin Whale
humpback_whale_6301901N.wav,./audio/humpback_whale/humpback_whale_6301901N.wav,Humpback Whale
humpback_whale_6301901M.wav,./audio/humpback_whale/humpback_whale_6301901M.wav,Humpback Whale
humpback_whale_6301901H.wav,./audio/humpback_whale/humpback_whale_6301901H.wav,Humpback Whale
humpback_whale_6301900W.wav,./audio/humpback_whale/humpback_whale_6301900W.wav,Humpback Whale
humpback_whale_6301900V.wav,./audio/humpback_whale/humpback_whale_6301900V.wav,Humpback Whale
humpback_whale_6304300O.wav,./audio/humpback_whale/humpback_whale_6304300O.wav,Humpback Whale
humpback_whale_9220100B.wav,./audio/humpback_whale/humpback_whale_9220100B.wav,Humpback Whale
humpback_whale_9220100G.wav,./audio/humpback_whale/humpback_whale_9220100G.wav,Humpback Whale
humpback_whale_6301901E.wav,./audio/humpback_whale/humpback_whale_6301901E.wav,Humpback Whale
humpback_whale_6301901A.wav,./audio/humpback_whale/humpback_whale_6301901A.wav,Humpback Whale
humpback_whale_5511300F.wav,./audio/humpback_whale/humpback_whale_5511300F.wav,Humpback Whale
humpback_whale_63019018.wav,./audio/humpback_whale/humpback_whale_63019018.wav,Humpback Whale
humpback_whale_55113007.wav,./audio/humpback_whale/humpback_whale_55113007.wav,Humpback Whale
humpback_whale_63019017.wav,./audio/humpback_whale/humpback_whale_63019017.wav,Humpback Whale
humpback_whale_63019010.wav,./audio/humpback_whale/humpback_whale_63019010.wav,Humpback Whale
humpback_whale_6304300F.wav,./audio/humpback_whale/humpback_whale_6304300F.wav,Humpback Whale
humpback_whale_92201001.wav,./audio/humpback_whale/humpback_whale_92201001.wav,Humpback Whale
humpback_whale_55113001.wav,./audio/humpback_whale/humpback_whale_55113001.wav,Humpback Whale
humpback_whale_9220100X.wav,./audio/humpback_whale/humpback_whale_9220100X.wav,Humpback Whale
humpback_whale_6301901T.wav,./audio/humpback_whale/humpback_whale_6301901T.wav,Humpback Whale
